<?xml version="1.0" encoding="UTF-8"?>
<project-private xmlns="http://www.netbeans.org/ns/project-private/1">
    <editor-bookmarks xmlns="http://www.netbeans.org/ns/editor-bookmarks/2" lastBookmarkId="0"/>
    <open-files xmlns="http://www.netbeans.org/ns/projectui-open-files/2">
        <group>
            <file>file:/D:/Documentos/NetBeansProjects/EjemploEntity/src/java/modelo/MateriasFacade.java</file>
            <file>file:/D:/Documentos/NetBeansProjects/EjemploEntity/src/java/modelo/AbstractFacade.java</file>
            <file>file:/D:/Documentos/NetBeansProjects/EjemploEntity/web/index.html</file>
            <file>file:/D:/Documentos/NetBeansProjects/EjemploEntity/src/java/acciones/listado.java</file>
            <file>file:/D:/Documentos/NetBeansProjects/EjemploEntity/src/java/servlets/NewServlet.java</file>
            <file>file:/D:/Documentos/NetBeansProjects/EjemploEntity/web/materiaslist.jsp</file>
            <file>file:/D:/Documentos/NetBeansProjects/EjemploEntity/src/java/modelo/MateriasFacadeLocal.java</file>
            <file>file:/D:/Documentos/NetBeansProjects/EjemploEntity/src/java/servlets/srvmaterias.java</file>
            <file>file:/D:/Documentos/NetBeansProjects/EjemploEntity/src/java/servlets/srvacciones.java</file>
        </group>
    </open-files>
</project-private>
