<?xml version="1.0" encoding="UTF-8"?>
<project-private xmlns="http://www.netbeans.org/ns/project-private/1">
    <editor-bookmarks xmlns="http://www.netbeans.org/ns/editor-bookmarks/2" lastBookmarkId="0"/>
    <open-files xmlns="http://www.netbeans.org/ns/projectui-open-files/2">
        <group>
            <file>file:/home/cesar/NetBeansProjects/Web2/web/Pagina6.jsp</file>
            <file>file:/home/cesar/NetBeansProjects/Web2/web/Pagina1.jsp</file>
            <file>file:/home/cesar/NetBeansProjects/Web2/web/Pagina2.jsp</file>
            <file>file:/home/cesar/NetBeansProjects/Web2/web/index.html</file>
            <file>file:/home/cesar/NetBeansProjects/Web2/web/Pagina4.jsp</file>
            <file>file:/home/cesar/NetBeansProjects/Web2/web/Pagina3.jsp</file>
            <file>file:/home/cesar/NetBeansProjects/Web2/web/Pagina5.jsp</file>
            <file>file:/home/cesar/NetBeansProjects/Web2/web/Pagina7.jsp</file>
        </group>
    </open-files>
</project-private>
